{"cameraMode":{"drawMode":0,"name":"Shaded","section":"Shading Mode"},"sceneLighting":true,"audioPlay":false,"sceneViewState":{"m_AlwaysRefresh":false,"showFog":true,"showSkybox":true,"showFlares":true,"showImageEffects":true,"showParticleSystems":true,"showVisualEffectGraphs":true,"m_FxEnabled":true},"in2DMode":false,"pivot":{"x":-0.05282948166131973,"y":3.1288235187530519,"z":-10.668498039245606},"rotation":{"x":-0.009309411980211735,"y":-0.00872721429914236,"z":-0.000013860794751963113,"w":-0.9999889731407166},"size":0.32990479469299319,"orthographic":false}